{"cameraMode":{"drawMode":0,"name":"Shaded","section":"Shading Mode"},"sceneLighting":true,"audioPlay":false,"sceneViewState":{"m_AlwaysRefresh":false,"showFog":true,"showSkybox":true,"showFlares":true,"showImageEffects":true,"showParticleSystems":true,"showVisualEffectGraphs":true,"m_FxEnabled":true},"in2DMode":false,"pivot":{"x":-2.9654178619384767,"y":134.06939697265626,"z":-5.253936767578125},"rotation":{"x":0.0131798405200243,"y":0.03958328068256378,"z":0.0005220745224505663,"w":-0.9991323947906494},"size":327.3470153808594,"orthographic":false}